,id,键,中文名,职业,稀有度,类型,目标类型,初始费用,中文描述,中文描述(升级),中文描述(源代码),英文名,英文描述(源代码),变量,升级信息
8,9,Aggression,好勇斗狠,Ironclad,Rare,Power,Self,1,在你的回合开始时，将你弃牌堆的一张随机攻击牌放入你的手牌并将其升级。,"固有,在你的回合开始时，将你弃牌堆的一张随机攻击牌放入你的手牌并将其升级。",在你的回合开始时，将你[gold]弃牌堆[/gold]的一张随机攻击牌放入你的[gold]手牌[/gold]并将其[gold]升级[/gold]。,Aggression,"At the start of your turn, put a random Attack from your [gold]Discard Pile[/gold] into your [gold]Hand[/gold] and [gold]Upgrade[/gold] it.",[],"{""addKeywords"":[""Innate""]}"
12,13,Anger,愤怒,Ironclad,Common,Attack,AnyEnemy,0,"造成6点伤害。
将一张此牌的复制品加入你的弃牌堆。","造成10点伤害。
将一张此牌的复制品加入你的弃牌堆。","造成{Damage:diff()}点伤害。
将一张此牌的复制品加入你的[gold]弃牌堆[/gold]。",Anger,"Deal {Damage:diff()} damage.
Add a copy of this card into your [gold]Discard Pile[/gold].","{""Damage"":""6m""}","{""varChange"":{""Damage"":2}}"
17,18,Armaments,武装,Ironclad,Common,Skill,Self,1,"获得5点格挡。
升级你手牌中的一张牌。","获得5点格挡。
升级你手牌中的所有牌。","获得{Block:diff()}点[gold]格挡[/gold]。
[gold]升级[/gold]你[gold]手牌[/gold]中的{IfUpgraded:show:所有牌|一张牌}。",Armaments,"Gain {Block:diff()} [gold]Block[/gold].
[gold]Upgrade[/gold] {IfUpgraded:show:ALL cards|a card} in your [gold]Hand[/gold].","{""Block"":5}",[]
20,21,AshenStrike,灰烬打击,Ironclad,Uncommon,Attack,AnyEnemy,1,"造成6点伤害。
你的消耗牌堆中每有一张牌，伤害增加3。","造成6点伤害。
你的消耗牌堆中每有一张牌，伤害增加5。","造成{CalculatedDamage:diff()}点伤害。
你的[gold]消耗牌堆[/gold]中每有一张牌，伤害增加{ExtraDamage:diff()}。",Ashen Strike,"Deal {CalculatedDamage:diff()} damage.
Deals {ExtraDamage:diff()} additional damage for each card in your [gold]Exhaust Pile[/gold].","{""CalculationBase"":""6m"",""ExtraDamage"":""3m""}","{""varChange"":{""ExtraDamage"":1}}"
30,31,Barricade,壁垒,Ironclad,Rare,Power,Self,3,格挡不再在你的回合开始时消失。,格挡不再在你的回合开始时消失。,[gold]格挡[/gold]不再在你的回合开始时消失。,Barricade,[gold]Block[/gold] is not removed at the start of your turn.,[],"{""costChange"":-1}"
31,32,Bash,痛击,Ironclad,Basic,Attack,AnyEnemy,2,"造成8点伤害。
给予2层易伤。","造成12点伤害。
给予3层易伤。","造成{Damage:diff()}点伤害。
给予{VulnerablePower:diff()}层[gold]易伤[/gold]。",Bash,"Deal {Damage:diff()} damage.
Apply {VulnerablePower:diff()} [gold]Vulnerable[/gold].","{""VulnerablePower"":2,""Damage"":""8m""}","{""varChange"":{""Damage"":2,""Vulnerable"":1}}"
32,33,BattleTrance,战斗专注,Ironclad,Uncommon,Skill,Self,0,"抽3张牌。
你在本回合内不能再抽任何牌。","抽5张牌。
你在本回合内不能再抽任何牌。","抽{Cards:diff()}张牌。
你在本回合内不能再抽任何牌。",Battle Trance,"Draw {Cards:diff()} cards.
You cannot draw additional cards this turn.","{""Cards"":3}","{""varChange"":{""Cards"":1}}"
46,47,BloodWall,血墙,Ironclad,Common,Skill,Self,2,"失去2点生命。
获得16点格挡。","失去2点生命。
获得24点格挡。","失去{HpLoss:diff()}点生命。
获得{Block:diff()}点[gold]格挡[/gold]。",Blood Wall,"Lose {HpLoss:diff()} HP.
Gain {Block:diff()} [gold]Block[/gold].","{""Block"":16,""HpLoss"":""2m""}","{""varChange"":{""Block"":4}}"
47,48,Bloodletting,放血,Ironclad,Common,Skill,Self,0,"失去3点生命。
获得2能量。","失去3点生命。
获得4能量。","失去{HpLoss:diff()}点生命。
获得{Energy:energyIcons()}。",Bloodletting,"Lose {HpLoss:diff()} HP.
Gain {Energy:energyIcons()}.","{""HpLoss"":""3m"",""Energy"":2}","{""varChange"":{""Energy"":1}}"
48,49,Bludgeon,重锤,Ironclad,Uncommon,Attack,AnyEnemy,3,造成32点伤害。,造成52点伤害。,造成{Damage:diff()}点伤害。,Bludgeon,Deal {Damage:diff()} damage.,"{""Damage"":""32m""}","{""varChange"":{""Damage"":10}}"
50,51,BodySlam,全身撞击,Ironclad,Common,Attack,AnyEnemy,1,造成你当前格挡值的伤害。,造成你当前格挡值的伤害。,"造成你当前[gold]格挡[/gold]值的伤害。{InCombat:
（造成{CalculatedDamage:diff()}点伤害）|}",Body Slam,"Deal damage equal to your [gold]Block[/gold].{InCombat:
(Deals {CalculatedDamage:diff()} damage)|}","{""CalculationBase"":""0m"",""ExtraDamage"":""1m""}","{""costChange"":-1}"
59,60,Brand,烙印,Ironclad,Rare,Skill,Self,0,"失去1点生命。
消耗1张牌。
获得1点力量。","失去1点生命。
消耗1张牌。
获得2点力量。","失去{HpLoss:diff()}点生命。
[gold]消耗[/gold]1张牌。
获得{StrengthPower:diff()}点[gold]力量[/gold]。",Brand,"Lose {HpLoss:diff()} HP.
[gold]Exhaust[/gold] 1 card.
Gain {StrengthPower:diff()} [gold]Strength[/gold].","{""StrengthPower"":1,""HpLoss"":""1m""}","{""varChange"":{""Strength"":1}}"
60,61,Break,破击,Ironclad,Ancient,Attack,AnyEnemy,2,"造成20点伤害。
给予5层易伤。","造成30点伤害。
给予7层易伤。","造成{Damage:diff()}点伤害。
给予{VulnerablePower:diff()}层[gold]易伤[/gold]。",Break,"Deal {Damage:diff()} damage.
Apply {VulnerablePower:diff()} [gold]Vulnerable[/gold].","{""VulnerablePower"":5,""Damage"":""20m""}","{""varChange"":{""Damage"":5,""Vulnerable"":2}}"
61,62,Breakthrough,突破,Ironclad,Common,Attack,AllEnemies,1,"失去1点生命。
对所有敌人造成9点伤害。","失去1点生命。
对所有敌人造成17点伤害。","失去{HpLoss:diff()}点生命。
对所有敌人造成{Damage:diff()}点伤害。",Breakthrough,"Lose {HpLoss:diff()} HP.
Deal {Damage:diff()} damage to ALL enemies.","{""Damage"":""9m"",""HpLoss"":""1m""}","{""varChange"":{""Damage"":4}}"
67,68,Bully,欺凌,Ironclad,Uncommon,Attack,AnyEnemy,0,"造成4点伤害。
该敌人身上每有一层易伤就额外造成2点伤害。","造成4点伤害。
该敌人身上每有一层易伤就额外造成4点伤害。","造成{CalculatedDamage:diff()}点伤害。
该敌人身上每有一层[gold]易伤[/gold]就额外造成{ExtraDamage:diff()}点伤害。",Bully,"Deal {CalculatedDamage:diff()} damage.
Deals {ExtraDamage:diff()} additional damage for each [gold]Vulnerable[/gold] on the enemy.","{""CalculationBase"":""4m"",""ExtraDamage"":""2m""}","{""varChange"":{""ExtraDamage"":1}}"
71,72,BurningPact,燃烧契约,Ironclad,Uncommon,Skill,Self,1,"消耗1张牌。
抽2张牌。","消耗1张牌。
抽4张牌。","[gold]消耗[/gold]1张牌。
抽{Cards:diff()}张牌。",Burning Pact,"[gold]Exhaust[/gold] 1 card.
Draw {Cards:diff()} cards.","{""Cards"":2}","{""varChange"":{""Cards"":1}}"
83,84,Cascade,倾泻,Ironclad,Rare,Skill,Self,X,打出你抽牌堆顶部的X张牌。,打出你抽牌堆顶部的X+1张牌。,打出你[gold]抽牌堆[/gold]顶部的X{IfUpgraded:show:+1}张牌。,Cascade,Play the top X{IfUpgraded:show:+1} cards of your [gold]Draw Pile[/gold].,[],[]
91,92,Cinder,余烬,Ironclad,Common,Attack,AnyEnemy,2,"造成17点伤害。
消耗你的抽牌堆顶部的牌。","造成27点伤害。
消耗你的抽牌堆顶部的牌。","造成{Damage:diff()}点伤害。
[gold]消耗[/gold]你的[gold]抽牌堆[/gold]顶部的牌。",Cinder,"Deal {Damage:diff()} damage.
[gold]Exhaust[/gold] the top card of your [gold]Draw Pile[/gold].","{""CardsToExhaust"":1,""Damage"":""17m""}","{""varChange"":{""Damage"":5}}"
100,101,Colossus,巨像,Ironclad,Rare,Skill,Self,1,"获得5点格挡。
在本回合中，有易伤状态的敌人对你造成的伤害降低50%。","获得11点格挡。
在本回合中，有易伤状态的敌人对你造成的伤害降低50%。","获得{Block:diff()}点[gold]格挡[/gold]。
在本回合中，有[gold]易伤[/gold]状态的敌人对你造成的伤害降低50%。",Colossus,"Gain {Block:diff()} [gold]Block[/gold].
You receive 50% less damage from [gold]Vulnerable[/gold] enemies this turn.","{""Colossus"":1,""Block"":5}","{""varChange"":{""Block"":3}}"
104,105,Conflagration,焚烧,Ironclad,Rare,Attack,AllEnemies,1,"对所有敌人造成8点伤害。
你在本回合中每打出过一张其他攻击牌，这张牌的伤害就提升2点。","对所有敌人造成10点伤害。
你在本回合中每打出过一张其他攻击牌，这张牌的伤害就提升4点。","对所有敌人造成{CalculatedDamage:diff()}点伤害。
你在本回合中每打出过一张其他攻击牌，这张牌的伤害就提升{ExtraDamage:diff()}点。",Conflagration,"Deal {CalculatedDamage:diff()} damage to ALL enemies.
Deals {ExtraDamage:diff()} additional damage for each other Attack you've played this turn.","{""CalculationBase"":""8m"",""ExtraDamage"":""2m""}","{""varChange"":{""CalculationBase"":1,""ExtraDamage"":1}}"
112,113,Corruption,腐化,Ironclad,Ancient,Power,Self,3,"技能牌消耗变为0能量。
每当你打出一张技能牌时，将其消耗。","技能牌消耗变为0能量。
每当你打出一张技能牌时，将其消耗。","技能牌消耗变为0{energyPrefix:energyIcons(1)}。
每当你打出一张技能牌时，将其[gold]消耗[/gold]。",Corruption,"Skills cost 0 {energyPrefix:energyIcons(1)}.
Whenever you play a Skill, [gold]Exhaust[/gold] it.","{""Power"":1}","{""costChange"":-1}"
118,119,CrimsonMantle,绯红披风,Ironclad,Rare,Power,Self,1,在你的回合开始时，失去1点生命并获得8点格挡。,在你的回合开始时，失去1点生命并获得10点格挡。,在你的回合开始时，失去1点生命并获得{CrimsonMantlePower:diff()}点[gold]格挡[/gold]。,Crimson Mantle,"At the start of your turn, lose 1 HP and gain {CrimsonMantlePower:diff()} [gold]Block[/gold].","{""CrimsonMantlePower"":8}","{""varChange"":{""CrimsonMantlePower"":2}}"
119,120,Cruelty,残酷,Ironclad,Rare,Power,Self,1,有易伤状态的敌人额外受到25%的伤害。,有易伤状态的敌人额外受到50%的伤害。,有[gold]易伤[/gold]状态的敌人额外受到{CrueltyPower:diff()}%的伤害。,Cruelty,[gold]Vulnerable[/gold] enemies take an additional {CrueltyPower:diff()}% damage.,"{""CrueltyPower"":25}","{""varChange"":{""CrueltyPower"":25}}"
125,126,DarkEmbrace,黑暗之拥,Ironclad,Rare,Power,Self,2,"每当有一张牌被消耗时，
抽1张牌。","每当有一张牌被消耗时，
抽1张牌。","每当有一张牌被[gold]消耗[/gold]时，
抽1张牌。",Dark Embrace,"Whenever a card is [gold]Exhausted[/gold],
draw 1 card.",[],"{""costChange"":-1}"
140,141,DefendIronclad,防御,Ironclad,Basic,Skill,Self,1,获得5点格挡。,获得11点格挡。,获得{Block:diff()}点[gold]格挡[/gold]。,Defend,Gain {Block:diff()} [gold]Block[/gold].,"{""Block"":5}","{""varChange"":{""Block"":3}}"
150,151,DemonForm,恶魔形态,Ironclad,Rare,Power,Self,3,在你的回合开始时，获得2点力量。,在你的回合开始时，获得3点力量。,在你的回合开始时，获得{StrengthPower:diff()}点[gold]力量[/gold]。,Demon Form,"At the start of your turn, gain {StrengthPower:diff()} [gold]Strength[/gold].","{""StrengthPower"":2}","{""varChange"":{""StrengthPower"":1}}"
151,152,DemonicShield,恶魔护盾,Ironclad,Uncommon,Skill,AnyAlly,0,"消耗,失去1点生命。
给予另一位玩家你当前格挡值的格挡。","失去1点生命。
给予另一位玩家你当前格挡值的格挡。","失去{HpLoss:diff()}点生命。
给予另一位玩家你当前[gold]格挡[/gold]值的[gold]格挡[/gold]。{InCombat:
（给予{CalculatedBlock:diff()}点[gold]格挡[/gold]）|}",Demonic Shield,"Lose {HpLoss:diff()} HP.
Give another player [gold]Block[/gold] equal to your [gold]Block[/gold].{InCombat:
(Gives {CalculatedBlock:diff()} [gold]Block[/gold])|}","{""CalculationBase"":""0m"",""HpLoss"":""1m"",""CalculationExtra"":""1m"",""keywords"":[""Exhaust""]}","{""removedKeywords"":[""Exhaust""]}"
158,159,Dismantle,拆卸,Ironclad,Uncommon,Attack,AnyEnemy,1,"造成8点伤害。
如果该敌人有易伤状态，则攻击两次。","造成12点伤害。
如果该敌人有易伤状态，则攻击两次。","造成{Damage:diff()}点伤害。
如果该敌人有[gold]易伤[/gold]状态，则攻击两次。",Dismantle,"Deal {Damage:diff()} damage.
If the enemy is [gold]Vulnerable[/gold], hits twice.","{""Damage"":""8m""}","{""varChange"":{""Damage"":2}}"
161,162,Dominate,主宰,Ironclad,Uncommon,Skill,AnyEnemy,1,"消耗,敌人身上每有一层易伤，就获得1点力量。",敌人身上每有一层易伤，就获得1点力量。,敌人身上每有一层[gold]易伤[/gold]，就获得{StrengthPerVulnerable:diff()}点[gold]力量[/gold]。,Dominate,Gain {StrengthPerVulnerable:diff()} [gold]Strength[/gold] for each [gold]Vulnerable[/gold] on the enemy.,"{""StrengthPerVulnerable"":1,""keywords"":[""Exhaust""]}","{""removedKeywords"":[""Exhaust""]}"
167,168,DrumOfBattle,战鼓,Ironclad,Uncommon,Power,Self,0,"抽2张牌。
在你的回合开始时，消耗你的抽牌堆顶部的牌。","抽4张牌。
在你的回合开始时，消耗你的抽牌堆顶部的牌。","抽{Cards:diff()}张牌。
在你的回合开始时，[gold]消耗[/gold]你的[gold]抽牌堆[/gold]顶部的牌。",Drum of Battle,"Draw {Cards:diff()} cards.
At the start of your turn, [gold]Exhaust[/gold] the top card of your [gold]Draw Pile[/gold].","{""DrumOfBattlePower"":1,""Cards"":2}","{""varChange"":{""Cards"":1}}"
186,187,EvilEye,邪眼,Ironclad,Uncommon,Skill,Self,1,"获得8点格挡。
如果你在本回合获得消耗过卡牌，则额外获得8点格挡。","获得14点格挡。
如果你在本回合获得消耗过卡牌，则额外获得14点格挡。","获得{Block:diff()}点[gold]格挡[/gold]。
如果你在本回合获得[gold]消耗过[/gold]卡牌，则额外获得{Block:diff()}点[gold]格挡[/gold]。",Evil Eye,"Gain {Block:diff()} [gold]Block[/gold].
Gain another {Block:diff()} [gold]Block[/gold] if you have [gold]Exhausted[/gold] a card this turn.","{""Block"":8}","{""varChange"":{""Block"":3}}"
187,188,ExpectAFight,跃跃欲试,Ironclad,Uncommon,Skill,Self,2,你的手牌中每有一张攻击牌，就会获得能量。,你的手牌中每有一张攻击牌，就会获得能量。,"你的[gold]手牌[/gold]中每有一张攻击牌，就会获得{energyPrefix:energyIcons(1)}。{InCombat:
（获得{CalculatedEnergy:energyIcons()}。）|}",Expect a Fight,"Gain {energyPrefix:energyIcons(1)} for each Attack in your [gold]Hand[/gold].{InCombat:
(Gain {CalculatedEnergy:energyIcons()}.)|}","{""Energy"":0,""CalculationBase"":""0m"",""CalculationExtra"":""1m""}","{""costChange"":-1}"
195,196,Feed,狂宴,Ironclad,Rare,Attack,AnyEnemy,1,"消耗,造成10点伤害。
斩杀时，永久获得3点最大生命值。","消耗,造成14点伤害。
斩杀时，永久获得5点最大生命值。","造成{Damage:diff()}点伤害。
[gold]斩杀[/gold]时，永久获得{MaxHp:diff()}点最大生命值。",Feed,"Deal {Damage:diff()} damage.
If [gold]Fatal[/gold], raise your Max HP by {MaxHp:diff()}.","{""Damage"":""10m"",""MaxHp"":""3m"",""keywords"":[""Exhaust""]}","{""varChange"":{""Damage"":2,""MaxHp"":1}}"
197,198,FeelNoPain,无惧疼痛,Ironclad,Uncommon,Power,Self,1,每当有一张牌被消耗时，获得3点格挡。,每当有一张牌被消耗时，获得4点格挡。,每当有一张牌被[gold]消耗[/gold]时，获得{Power:diff()}点[gold]格挡[/gold]。,Feel No Pain,"Whenever a card is [gold]Exhausted[/gold], gain {Power:diff()} [gold]Block[/gold].","{""Power"":3}","{""varChange"":{""Power"":1}}"
200,201,FiendFire,恶魔之焰,Ironclad,Rare,Attack,AnyEnemy,2,"消耗,消耗所有手牌。
每张被消耗的牌造成7点伤害。","消耗,消耗所有手牌。
每张被消耗的牌造成13点伤害。","[gold]消耗[/gold]所有[gold]手牌[/gold]。
每张被[gold]消耗[/gold]的牌造成{Damage:diff()}点伤害。",Fiend Fire,"[gold]Exhaust[/gold] your [gold]Hand[/gold].
Deal {Damage:diff()} damage for each card [gold]Exhausted[/gold].","{""Damage"":""7m"",""keywords"":[""Exhaust""]}","{""varChange"":{""Damage"":3}}"
201,202,FightMe,与我一战！,Ironclad,Uncommon,Attack,AnyEnemy,2,"造成5点伤害两次。
获得2点力量。
该敌人获得1点力量。","造成7点伤害两次。
获得3点力量。
该敌人获得1点力量。","造成{Damage:diff()}点伤害两次。
获得{StrengthPower:diff()}点[gold]力量[/gold]。
该敌人获得{EnemyStrength:diff()}点[gold]力量[/gold]。",Fight Me!,"Deal {Damage:diff()} damage twice.
Gain {StrengthPower:diff()} [gold]Strength[/gold].
The enemy gains {EnemyStrength:diff()} [gold]Strength[/gold].","{""StrengthPower"":2,""EnemyStrength"":1,""Damage"":""5m"",""Repeat"":2}","{""varChange"":{""Damage"":1,""Strength"":1}}"
207,208,FlameBarrier,火焰屏障,Ironclad,Uncommon,Skill,Self,2,"获得12点格挡。
你在这个回合每受到一次攻击，都会对攻击者造成4点伤害。","获得20点格挡。
你在这个回合每受到一次攻击，都会对攻击者造成8点伤害。","获得{Block:diff()}点[gold]格挡[/gold]。
你在这个回合每受到一次攻击，都会对攻击者造成{DamageBack:diff()}点伤害。",Flame Barrier,"Gain {Block:diff()} [gold]Block[/gold].
Whenever you are attacked this turn, deal {DamageBack:diff()} damage back.","{""DamageBack"":4,""Block"":12}","{""varChange"":{""DamageBack"":2,""Block"":4}}"
219,220,ForgottenRitual,被遗忘的仪式,Ironclad,Uncommon,Skill,Self,1,如果你在本回合消耗过卡牌，则获得3能量。,如果你在本回合消耗过卡牌，则获得5能量。,如果你在本回合[gold]消耗过[/gold]卡牌，则获得{Energy:energyIcons()}。,Forgotten Ritual,"If you [gold]Exhausted[/gold] a card this turn, gain {Energy:energyIcons()}.","{""Energy"":3}","{""varChange"":{""Energy"":1}}"
241,242,Grapple,擒拿,Ironclad,Uncommon,Attack,AnyEnemy,1,"造成7点伤害。
当你在本回合获得格挡时，对该敌人造成5点伤害。","造成11点伤害。
当你在本回合获得格挡时，对该敌人造成7点伤害。","造成{Damage:diff()}点伤害。
当你在本回合获得[gold]格挡[/gold]时，对该敌人造成{GrapplePower:diff()}点伤害。",Grapple,"Deal {Damage:diff()} damage.
Whenever you gain [gold]Block[/gold] this turn, deal {GrapplePower:diff()} damage to the enemy.","{""GrapplePower"":5,""Damage"":""7m""}","{""varChange"":{""GrapplePower"":2,""Damage"":2}}"
255,256,Havoc,破灭,Ironclad,Common,Skill,Self,1,打出抽牌堆顶部的牌并将其消耗。,打出抽牌堆顶部的牌并将其消耗。,打出[gold]抽牌堆[/gold]顶部的牌并将其[gold]消耗[/gold]。,Havoc,Play the top card of your [gold]Draw Pile[/gold] and [gold]Exhaust[/gold] it.,[],"{""costChange"":-1}"
257,258,Headbutt,头槌,Ironclad,Common,Attack,AnyEnemy,1,"造成9点伤害。
将你弃牌堆中的一张牌放到抽牌堆顶部。","造成15点伤害。
将你弃牌堆中的一张牌放到抽牌堆顶部。","造成{Damage:diff()}点伤害。
将你[gold]弃牌堆[/gold]中的一张牌放到[gold]抽牌堆[/gold]顶部。",Headbutt,"Deal {Damage:diff()} damage.
Put a card from your [gold]Discard Pile[/gold] on top of your [gold]Draw Pile[/gold].","{""Damage"":""9m""}","{""varChange"":{""Damage"":3}}"
263,264,Hellraiser,地狱狂徒,Ironclad,Rare,Power,Self,2,每当你抽到名字中有“打击”的牌时，对一名随机敌人打出这张牌。,每当你抽到名字中有“打击”的牌时，对一名随机敌人打出这张牌。,每当你抽到名字中有“打击”的牌时，对一名随机敌人打出这张牌。,Hellraiser,"Whenever you draw a card containing “Strike”, it is played against a random enemy.",[],"{""costChange"":-1}"
264,265,Hemokinesis,御血术,Ironclad,Uncommon,Attack,AnyEnemy,1,"失去2点生命。
造成14点伤害。","失去2点生命。
造成24点伤害。","失去{HpLoss:diff()}点生命。
造成{Damage:diff()}点伤害。",Hemokinesis,"Lose {HpLoss:diff()} HP.
Deal {Damage:diff()} damage.","{""HpLoss"":""2m"",""Damage"":""14m""}","{""varChange"":{""Damage"":5}}"
271,272,HowlFromBeyond,彼岸咆哮,Ironclad,Uncommon,Attack,AllEnemies,3,"对所有敌人造成16点伤害。
在你的回合开始时，从消耗牌堆将此牌打出。","对所有敌人造成26点伤害。
在你的回合开始时，从消耗牌堆将此牌打出。","对所有敌人造成{Damage:diff()}点伤害。
在你的回合开始时，从[gold]消耗牌堆[/gold]将此牌打出。",Howl from Beyond,"Deal {Damage:diff()} damage to ALL enemies.
At the start of your turn, plays from the [gold]Exhaust Pile[/gold].","{""Damage"":""16m""}","{""varChange"":{""Damage"":5}}"
278,279,Impervious,岿然不动,Ironclad,Rare,Skill,Self,2,"消耗,获得30点格挡。","消耗,获得50点格挡。",获得{Block:diff()}点[gold]格挡[/gold]。,Impervious,Gain {Block:diff()} [gold]Block[/gold].,"{""Block"":30,""keywords"":[""Exhaust""]}","{""varChange"":{""Block"":10}}"
280,281,InfernalBlade,地狱之刃,Ironclad,Uncommon,Skill,Self,1,"消耗,将一张随机攻击牌加入你的手牌。这张牌在本回合内可以免费打出。","消耗,将一张随机攻击牌加入你的手牌。这张牌在本回合内可以免费打出。",将一张随机攻击牌加入你的[gold]手牌[/gold]。这张牌在本回合内可以免费打出。,Infernal Blade,Add a random Attack into your [gold]Hand[/gold]. It's free to play this turn.,"{""keywords"":[""Exhaust""]}","{""costChange"":-1}"
281,282,Inferno,狱火,Ironclad,Uncommon,Power,Self,1,"在你的回合开始时，失去1点生命。
每当你在你的回合内失去生命时，对所有敌人造成6点伤害。","在你的回合开始时，失去1点生命。
每当你在你的回合内失去生命时，对所有敌人造成9点伤害。","在你的回合开始时，失去1点生命。
每当你在你的回合内失去生命时，对所有敌人造成{InfernoPower:diff()}点伤害。",Inferno,"At the start of your turn, lose 1 HP.
Whenever you lose HP on your turn, deal {InfernoPower:diff()} damage to ALL enemies.","{""InfernoPower"":6}","{""varChange"":{""InfernoPower"":3}}"
283,284,Inflame,燃烧,Ironclad,Uncommon,Power,Self,1,获得2点力量。,获得3点力量。,获得{StrengthPower:diff()}点[gold]力量[/gold]。,Inflame,Gain {StrengthPower:diff()} [gold]Strength[/gold].,"{""StrengthPower"":2}","{""varChange"":{""StrengthPower"":1}}"
287,288,IronWave,铁斩波,Ironclad,Common,Attack,AnyEnemy,1,"获得5点格挡。
造成5点伤害。","获得9点格挡。
造成9点伤害。","获得{Block:diff()}点[gold]格挡[/gold]。
造成{Damage:diff()}点伤害。",Iron Wave,"Gain {Block:diff()} [gold]Block[/gold].
Deal {Damage:diff()} damage.","{""Block"":5,""Damage"":""5m""}","{""varChange"":{""Damage"":2,""Block"":2}}"
291,292,Juggernaut,势不可当,Ironclad,Rare,Power,Self,2,每当你获得格挡时，对随机敌人造成5点伤害。,每当你获得格挡时，对随机敌人造成7点伤害。,每当你获得[gold]格挡[/gold]时，对随机敌人造成{JuggernautPower:diff()}点伤害。,Juggernaut,"Whenever you gain [gold]Block[/gold], deal {JuggernautPower:diff()} damage to a random enemy.","{""JuggernautPower"":5}","{""varChange"":{""JuggernautPower"":2}}"
292,293,Juggling,杂耍,Ironclad,Uncommon,Power,Self,1,将你在每回合打出的第三张攻击牌的复制品加入你的手牌。,"固有,将你在每回合打出的第三张攻击牌的复制品加入你的手牌。",将你在每回合打出的第三张[gold]攻击牌[/gold]的复制品加入你的[gold]手牌[/gold]。,Juggling,Add a copy of the third [gold]Attack[/gold] you play each turn into your [gold]Hand[/gold].,[],"{""addKeywords"":[""Innate""]}"
315,316,Mangle,凌虐,Ironclad,Rare,Attack,AnyEnemy,3,"造成15点伤害。
敌人在本回合失去10点力量。","造成25点伤害。
敌人在本回合失去20点力量。","造成{Damage:diff()}点伤害。
敌人在本回合失去{StrengthLoss:diff()}点[gold]力量[/gold]。",Mangle,"Deal {Damage:diff()} damage.
Enemy loses {StrengthLoss:diff()} [gold]Strength[/gold] this turn.","{""StrengthLoss"":10,""Damage"":""15m""}","{""varChange"":{""StrengthLoss"":5,""Damage"":5}}"
335,336,MoltenFist,熔融之拳,Ironclad,Common,Attack,AnyEnemy,1,"消耗,造成10点伤害。
将该敌人身上的易伤层数翻倍。","消耗,造成18点伤害。
将该敌人身上的易伤层数翻倍。","造成{Damage:diff()}点伤害。
将该敌人身上的[gold]易伤[/gold]层数翻倍。",Molten Fist,"Deal {Damage:diff()} damage.
Double the enemy's [gold]Vulnerable[/gold].","{""Damage"":""10m"",""keywords"":[""Exhaust""]}","{""varChange"":{""Damage"":4}}"
354,355,Offering,祭品,Ironclad,Rare,Skill,Self,0,"消耗,失去6点生命。
获得2能量。
抽3张牌。","消耗,失去6点生命。
获得2能量。
抽7张牌。","失去{HpLoss:diff()}点生命。
获得{Energy:energyIcons()}。
抽{Cards:diff()}张牌。",Offering,"Lose {HpLoss:diff()} HP.
Gain {Energy:energyIcons()}.
Draw {Cards:diff()} cards.","{""Cards"":3,""HpLoss"":""6m"",""Energy"":2,""keywords"":[""Exhaust""]}","{""varChange"":{""Cards"":2}}"
356,357,OneTwoPunch,连环拳,Ironclad,Rare,Skill,Self,1,在这个回合，你打出的下1张攻击牌会被额外打出一次。,在这个回合，你打出的下3张攻击牌会被额外打出一次。,在这个回合，你打出的下{Attacks:diff()}张攻击牌会被额外打出一次。,One-Two Punch,"This turn, your next {Attacks:cond:>1?{Attacks:diff()} Attacks are|Attack is} played an extra time.","{""Attacks"":1}","{""varChange"":{""Attacks"":1}}"
361,362,PactsEnd,契约终结,Ironclad,Rare,Attack,AllEnemies,0,"只有在你的消耗牌堆拥有大于等于3张牌的时候才能被打出。
对所有敌人造成17点伤害。","只有在你的消耗牌堆拥有大于等于3张牌的时候才能被打出。
对所有敌人造成29点伤害。","只有在你的[gold]消耗牌堆[/gold]拥有大于等于{Cards:diff()}张牌的时候才能被打出。
对所有敌人造成{Damage:diff()}点伤害。",Pact's End,"Can only be played if you have {Cards:diff()} or more {Cards:plural:card|cards} in your [gold]Exhaust Pile[/gold].
Deal {Damage:diff()} damage to ALL enemies.","{""Cards"":3,""Damage"":""17m""}","{""varChange"":{""Damage"":6}}"
371,372,PerfectedStrike,完美打击,Ironclad,Common,Attack,AnyEnemy,2,"造成6点伤害。
你每有一张名字中含有“打击”的牌，伤害+2。","造成6点伤害。
你每有一张名字中含有“打击”的牌，伤害+4。","造成{CalculatedDamage:diff()}点伤害。
你每有一张名字中含有“打击”的牌，伤害+{ExtraDamage:diff()}。",Perfected Strike,"Deal {CalculatedDamage:diff()} damage.
Deals {ExtraDamage:diff()} additional damage for ALL your cards containing “Strike”.","{""CalculationBase"":""6m"",""ExtraDamage"":""2m""}","{""varChange"":{""ExtraDamage"":1}}"
375,376,Pillage,劫掠,Ironclad,Uncommon,Attack,AnyEnemy,1,"造成6点伤害。
抽牌直到你抽到一张非攻击牌。","造成12点伤害。
抽牌直到你抽到一张非攻击牌。","造成{Damage:diff()}点伤害。
抽牌直到你抽到一张非攻击牌。",Pillage,"Deal {Damage:diff()} damage.
Draw cards until you draw a non-Attack card.","{""Damage"":""6m""}","{""varChange"":{""Damage"":3}}"
380,381,PommelStrike,剑柄打击,Ironclad,Common,Attack,AnyEnemy,1,"造成9点伤害。
抽1张牌。","造成11点伤害。
抽3张牌。","造成{Damage:diff()}点伤害。
抽{Cards:diff()}张牌。",Pommel Strike,"Deal {Damage:diff()} damage.
Draw {Cards:diff()} {Cards:plural:card|cards}.","{""Cards"":1,""Damage"":""9m""}","{""varChange"":{""Damage"":1,""Cards"":1}}"
387,388,PrimalForce,原始力量,Ironclad,Rare,Skill,Self,0,将手牌中的所有攻击牌变化为巨石。,将手牌中的所有攻击牌变化为巨石+。,将[gold]手牌[/gold]中的所有攻击牌变化为[gold]{IfUpgraded:show:巨石+|巨石}[/gold]。,Primal Force,Transform all Attacks in your [gold]Hand[/gold] into [gold]{IfUpgraded:show:Giant Rock+|Giant Rock}[/gold].,[],[]
397,398,Pyre,薪火之源,Ironclad,Rare,Power,Self,2,在回合开始时，获得1能量。,在回合开始时，获得3能量。,在回合开始时，获得{Energy:energyIcons()}。,Pyre,Gain {Energy:energyIcons()} at the start of each turn.,"{""Energy"":1}","{""varChange"":{""Energy"":1}}"
401,402,Rage,狂怒,Ironclad,Uncommon,Skill,Self,0,打出此牌后，你在这个回合内每打出一张攻击牌，获得3点格挡。,打出此牌后，你在这个回合内每打出一张攻击牌，获得5点格挡。,打出此牌后，你在这个回合内每打出一张攻击牌，获得{Power:diff()}点[gold]格挡[/gold]。,Rage,"Whenever you play an Attack this turn, gain {Power:diff()} [gold]Block[/gold].","{""Power"":3}","{""varChange"":{""Power"":2}}"
404,405,Rampage,暴走,Ironclad,Uncommon,Attack,AnyEnemy,1,"造成9点伤害。
将这张牌在本场战斗中的伤害增加5。","造成9点伤害。
将这张牌在本场战斗中的伤害增加13。","造成{Damage:diff()}点伤害。
将这张牌在本场战斗中的伤害增加{Increase:diff()}。",Rampage,"Deal {Damage:diff()} damage.
Increase this card's damage by {Increase:diff()} this combat.","{""Increase"":5,""Damage"":""9m""}","{""varChange"":{""Increase"":4}}"
428,429,Rupture,撕裂,Ironclad,Uncommon,Power,Self,1,"每当你在你的回合失去生命值时,获得1点力量。","每当你在你的回合失去生命值时,获得2点力量。","每当你在你的回合失去生命值时, 获得{StrengthPower:diff()}点[gold]力量[/gold]。",Rupture,"Whenever you lose HP on your turn, gain {StrengthPower:diff()} [gold]Strength[/gold].","{""StrengthPower"":1}","{""varChange"":{""Strength"":1}}"
437,438,SecondWind,重振精神,Ironclad,Uncommon,Skill,Self,1,消耗手牌中所有非攻击牌，每张获得5点格挡。,消耗手牌中所有非攻击牌，每张获得9点格挡。,[gold]消耗[/gold][gold]手牌[/gold]中所有非攻击牌，每张获得{Block:diff()}点[gold]格挡[/gold]。,Second Wind,[gold]Exhaust[/gold] all non-Attack cards in your [gold]Hand[/gold]. Gain {Block:diff()} [gold]Block[/gold] for each card [gold]Exhausted[/gold].,"{""Block"":5}","{""varChange"":{""Block"":2}}"
444,445,SetupStrike,预备打击,Ironclad,Common,Attack,AnyEnemy,1,"造成7点伤害。
在本回合内获得2点力量。","造成11点伤害。
在本回合内获得3点力量。","造成{Damage:diff()}点伤害。
在本回合内获得{StrengthPower:diff()}点[gold]力量[/gold]。",Setup Strike,"Deal {Damage:diff()} damage.
Gain {StrengthPower:diff()} [gold]Strength[/gold] this turn.","{""StrengthPower"":2,""Damage"":""7m""}","{""varChange"":{""Damage"":2,""Strength"":1}}"
457,458,ShrugItOff,耸肩无视,Ironclad,Common,Skill,Self,1,"获得8点格挡。
抽1张牌。","获得14点格挡。
抽1张牌。","获得{Block:diff()}点[gold]格挡[/gold]。
抽{Cards:diff()}张牌。",Shrug It Off,"Gain {Block:diff()} [gold]Block[/gold].
Draw {Cards:diff()} card.","{""Cards"":1,""Block"":8}","{""varChange"":{""Block"":3}}"
480,481,Spite,怨恨,Ironclad,Uncommon,Attack,AnyEnemy,0,"造成6点伤害。
如果你在本回合失去过生命值，则抽1张牌。","造成12点伤害。
如果你在本回合失去过生命值，则抽1张牌。","造成{Damage:diff()}点伤害。
如果你在本回合失去过生命值，则抽{Cards:diff()}张牌。",Spite,"Deal {Damage:diff()} damage.
If you lost HP this turn, draw {Cards:diff()} {Cards:plural:card|cards}.","{""Cards"":1,""Damage"":""6m""}","{""varChange"":{""Damage"":3}}"
489,490,Stampede,惊逃,Ironclad,Uncommon,Power,Self,2,在你的回合结束时，随机打出你手牌中的1张攻击牌攻击随机敌人。,在你的回合结束时，随机打出你手牌中的1张攻击牌攻击随机敌人。,在你的回合结束时，随机打出你[gold]手牌[/gold]中的{Power:diff()}张攻击牌攻击随机敌人。,Stampede,"At the end of your turn, {Power:diff()} random {Power:plural:Attack in your [gold]Hand[/gold] is played against a random enemy.|Attacks in your [gold]Hand[/gold] are played against random enemies.}","{""Power"":1}","{""costChange"":-1}"
491,492,Stoke,添柴,Ironclad,Rare,Skill,Self,1,"消耗,消耗所有手牌。
然后抽相同数量张牌。","消耗,消耗所有手牌。
然后抽相同数量张牌。","[gold]消耗[/gold]所有[gold]手牌[/gold]。
然后抽相同数量张牌。",Stoke,"[gold]Exhaust[/gold] your [gold]Hand[/gold].
Draw a card for each card [gold]Exhausted[/gold].","{""keywords"":[""Exhaust""]}","{""costChange"":-1}"
492,493,Stomp,踩踏,Ironclad,Uncommon,Attack,AllEnemies,3,"对所有敌人造成12点伤害。
你在本回合中每打出过一张攻击牌，其耗能减少1能量。","对所有敌人造成18点伤害。
你在本回合中每打出过一张攻击牌，其耗能减少1能量。","对所有敌人造成{Damage:diff()}点伤害。
你在本回合中每打出过一张攻击牌，其耗能减少1{energyPrefix:energyIcons(1)}。",Stomp,"Deal {Damage:diff()} damage to ALL enemies.
Costs 1 less {energyPrefix:energyIcons(1)} for each Attack played this turn.","{""Damage"":""12m""}","{""varChange"":{""Damage"":3}}"
493,494,StoneArmor,岩石铠甲,Ironclad,Uncommon,Power,Self,1,获得4层覆甲。,获得6层覆甲。,获得{PlatingPower:diff()}层[gold]覆甲[/gold]。,Stone Armor,Gain {PlatingPower:diff()} [gold]Plating[/gold].,"{""PlatingPower"":4}","{""varChange"":{""PlatingPower"":2}}"
499,500,StrikeIronclad,打击,Ironclad,Basic,Attack,AnyEnemy,1,造成6点伤害。,造成12点伤害。,造成{Damage:diff()}点伤害。,Strike,Deal {Damage:diff()} damage.,"{""Damage"":""6m""}","{""varChange"":{""Damage"":3}}"
513,514,SwordBoomerang,飞剑回旋镖,Ironclad,Common,Attack,RandomEnemy,1,随机对敌人造成3点伤害3次。,随机对敌人造成3点伤害5次。,随机对敌人造成{Damage:diff()}点伤害{Repeat:diff()}次。,Sword Boomerang,Deal {Damage:diff()} damage to a random enemy {Repeat:diff()} times.,"{""Damage"":""3m"",""Repeat"":3}","{""varChange"":{""Repeat"":1}}"
519,520,Tank,肉盾,Ironclad,Rare,Power,Self,1,"承受双倍来自敌人的伤害。
敌人的伤害对盟友减半。","承受双倍来自敌人的伤害。
敌人的伤害对盟友减半。","承受双倍来自敌人的伤害。
敌人的伤害对盟友减半。",Tank,"Take double damage from enemies.
Allies take half damage from enemies.",[],"{""costChange"":-1}"
520,521,Taunt,挑衅,Ironclad,Uncommon,Skill,AnyEnemy,1,"获得7点格挡。
给予1层易伤。","获得9点格挡。
给予2层易伤。","获得{Block:diff()}点[gold]格挡[/gold]。
给予{VulnerablePower:diff()}层[gold]易伤[/gold]。",Taunt,"Gain {Block:diff()} [gold]Block[/gold].
Apply {VulnerablePower:diff()} [gold]Vulnerable[/gold].","{""VulnerablePower"":1,""Block"":7}","{""varChange"":{""Block"":1,""Vulnerable"":1}}"
521,522,TearAsunder,扯碎,Ironclad,Rare,Attack,AnyEnemy,2,"造成5点伤害。
在本场战斗中，你每失去过一次生命值，这张牌就额外造成一次伤害。","造成9点伤害。
在本场战斗中，你每失去过一次生命值，这张牌就额外造成一次伤害。","造成{Damage:diff()}点伤害。
在本场战斗中，你每失去过一次生命值，这张牌就额外造成一次伤害。{InCombat:
（命中{CalculatedHits:diff()}次）|}",Tear Asunder,"Deal {Damage:diff()} damage.
Hits an additional time for each time you lost HP this combat.{InCombat:
(Hits {CalculatedHits:diff()} {CalculatedHits:plural:time|times}.)|}","{""Damage"":""5m"",""Repeat"":1,""CalculationBase"":""0m"",""CalculationExtra"":""1m""}","{""varChange"":{""Damage"":2}}"
532,533,Thrash,痛殴,Ironclad,Rare,Attack,AnyEnemy,1,"造成4点伤害两次。
消耗你的手牌中随机一张攻击牌，并将它的伤害添加给这张牌。","造成8点伤害两次。
消耗你的手牌中随机一张攻击牌，并将它的伤害添加给这张牌。","造成{Damage:diff()}点伤害两次。
[gold]消耗[/gold]你的[gold]手牌[/gold]中随机一张攻击牌，并将它的伤害添加给这张牌。",Thrash,"Deal {Damage:diff()} damage twice.
[gold]Exhaust[/gold] a random Attack in your [gold]Hand[/gold] and add its damage to this card.","{""Damage"":""4m""}","{""varChange"":{""Damage"":2}}"
535,536,Thunderclap,闪电霹雳,Ironclad,Common,Attack,AllEnemies,1,对所有敌人造成4点伤害，给予1层易伤。,对所有敌人造成10点伤害，给予1层易伤。,对所有敌人造成{Damage:diff()}点伤害，给予{VulnerablePower:diff()}层[gold]易伤[/gold]。,Thunderclap,Deal {Damage:diff()} damage and apply {VulnerablePower:diff()} [gold]Vulnerable[/gold] to ALL enemies.,"{""VulnerablePower"":1,""Damage"":""4m""}","{""varChange"":{""Damage"":3}}"
543,544,Tremble,战栗,Ironclad,Common,Skill,AnyEnemy,1,给予2层易伤。,给予3层易伤。,给予{VulnerablePower:diff()}层[gold]易伤[/gold]。,Tremble,Apply {VulnerablePower:diff()} [gold]Vulnerable[/gold].,"{""VulnerablePower"":2}","{""varChange"":{""Vulnerable"":1}}"
544,545,TrueGrit,坚毅,Ironclad,Common,Skill,Self,1,"获得7点格挡。
随机消耗1张牌。","获得11点格挡。
消耗1张牌。","获得{Block:diff()}点[gold]格挡[/gold]。
{IfUpgraded:show:| 随机}[gold]消耗[/gold]1张牌。",True Grit,"Gain {Block:diff()} [gold]Block[/gold].
[gold]Exhaust[/gold] 1 card{IfUpgraded:show:| at random}.","{""Block"":7}","{""varChange"":{""Block"":2}}"
546,547,TwinStrike,双重打击,Ironclad,Common,Attack,AnyEnemy,1,造成5点伤害两次。,造成9点伤害两次。,造成{Damage:diff()}点伤害两次。,Twin Strike,Deal {Damage:diff()} damage twice.,"{""Damage"":""5m""}","{""varChange"":{""Damage"":2}}"
552,553,Unmovable,坚定不移,Ironclad,Rare,Power,Self,2,翻倍你每回合第一次从卡牌中获得的格挡。,翻倍你每回合第一次从卡牌中获得的格挡。,翻倍你每回合第一次从卡牌中获得的[gold]格挡[/gold]。,Unmovable,"The first time you gain [gold]Block[/gold] from a card each turn, double the amount gained.",[],"{""costChange"":-1}"
553,554,Unrelenting,无情猛攻,Ironclad,Uncommon,Attack,AnyEnemy,2,"造成12点伤害。
你打出的下一张攻击牌耗能变为0能量。","造成24点伤害。
你打出的下一张攻击牌耗能变为0能量。","造成{Damage:diff()}点伤害。
你打出的下一张攻击牌耗能变为0{energyPrefix:energyIcons(1)}。",Unrelenting,"Deal {Damage:diff()} damage.
The next Attack you play costs 0 {energyPrefix:energyIcons(1)}.","{""Damage"":""12m""}","{""varChange"":{""Damage"":6}}"
556,557,Uppercut,上勾拳,Ironclad,Uncommon,Attack,AnyEnemy,2,"造成13点伤害。
给予1层虚弱。
给予1层易伤。","造成13点伤害。
给予2层虚弱。
给予2层易伤。","造成{Damage:diff()}点伤害。
给予{Power:diff()}层[gold]虚弱[/gold]。
给予{Power:diff()}层[gold]易伤[/gold]。",Uppercut,"Deal {Damage:diff()} damage.
Apply {Power:diff()} [gold]Weak[/gold].
Apply {Power:diff()} [gold]Vulnerable[/gold].","{""Power"":1,""Damage"":""13m""}","{""varChange"":{""Power"":1}}"
560,561,Vicious,凶恶,Ironclad,Uncommon,Power,Self,1,每当你给予易伤时，抽1张牌。,每当你给予易伤时，抽3张牌。,每当你给予[gold]易伤[/gold]时，抽{Cards:diff()}张牌。,Vicious,"Whenever you apply [gold]Vulnerable[/gold], draw {Cards:diff()} {Cards:plural:card|cards}.","{""Cards"":1}","{""varChange"":{""Cards"":1}}"
567,568,Whirlwind,旋风斩,Ironclad,Uncommon,Attack,AllEnemies,X,对所有敌人造成5点伤害X次。,对所有敌人造成11点伤害X次。,对所有敌人造成{Damage:diff()}点伤害X次。,Whirlwind,Deal {Damage:diff()} damage to ALL enemies X times.,"{""Damage"":""5m""}","{""varChange"":{""Damage"":3}}"
